{
"lengthUnit": "mil",
"components": {
	"fields": ["COMPONENT_NO", "COMPONENT_NAME", "LAYER", "X_COORDINATE", "Y_COORDINATE", "ANGLE"],
	"rows": [
		[1, "C1", "T", 871.16, 455, 180],
		[2, "C2", "T", 704.28, 315, 0],
		[3, "C3", "T", 292.04, 255, 180],
		[4, "C4", "T", 134.1, 824.65, 0],
		[5, "C5", "T", 134.1, 751.38, 0],
		[6, "C6", "T", 134.1, 678.46, 0],
		[7, "C7", "T", 192.4, 1170, 0],
		[8, "C8", "T", 192.4, 1095, 0],
		[9, "C10", "T", 1018.03, 453.72, 180],
		[10, "C11", "T", 1018.03, 523.16, 180],
		[11, "C12", "T", 1465.6, 815, 180],
		[12, "C13", "T", 845, 885, 0],
		[13, "C14", "T", 845, 815, 0],
		[14, "C15", "T", 1465.6, 985, 180],
		[15, "C16", "T", 1465.6, 900, 180],
		[16, "C17", "T", 1465.6, 730, 180],
		[17, "C18", "T", 192.4, 1020, 0],
		[18, "C19", "T", 192.4, 1241.82, 180],
		[19, "CN1", "T", 907.4, 152.29, 0],
		[20, "CN2", "B", 1449.96, 666.06, 180],
		[21, "CN3", "B", 662.55, 666.06, 180],
		[22, "CN4", "T", 1332.4, 152.29, 0],
		[23, "D1", "T", 1295, 485, 180],
		[24, "FPC1", "T", 393.7, 1417.32, 180],
		[25, "FPC2", "T", 1181.1, 1417.32, 180],
		[26, "LED1", "T", 872.57, 360, 180],
		[27, "LED2", "T", 295.23, 155, 180],
		[28, "LED3", "T", 520.16, 460, 180],
		[29, "LED4", "T", 289.9, 460, 0],
		[30, "R1", "T", 874.27, 590, 0],
		[31, "R2", "T", 874.52, 522.7, 180],
		[32, "R3", "T", 706.48, 385, 180],
		[33, "R4", "T", 706.48, 522.92, 0],
		[34, "R5", "T", 706.48, 455, 0],
		[35, "R6", "T", 1018.33, 360, 0],
		[36, "R7", "T", 295.06, 60, 180],
		[37, "R8", "T", 520, 390, 180],
		[38, "R9", "T", 290.07, 390, 0],
		[39, "R10", "T", 1460.01, 1275, 0],
		[40, "R11", "T", 1440, 360, 180],
		[41, "R12", "T", 232.96, 1350, 180],
		[42, "R13", "T", 1015, 1350, 180],
		[43, "R14", "T", 570.17, 1348.65, 0],
		[44, "RT1", "T", 1294.31, 360, 180],
		[45, "TP1", "B", 767.8, 71.97, 0],
		[46, "TP2", "B", 867.8, 71.97, 0],
		[47, "TP3", "B", 967.8, 71.97, 0],
		[48, "TP4", "B", 1067.8, 71.97, 0],
		[49, "TP5", "B", 275.2, 69.88, 180],
		[50, "TP6", "B", 175.2, 69.88, 180],
		[51, "TP7", "B", 75.2, 69.88, 180],
		[52, "U1", "T", 454.97, 720, 90],
		[53, "U2", "T", 520, 180, 270],
		[54, "U4", "T", 1147.6, 990, 270],
		[55, "U5", "T", 461.73, 1129.68, 90],
		[56, "X1", "T", 745.62, 640, 90]
	]
},
"pins": {
	"fields": ["PIN_NO", "PIN_NAME", "PIN_X", "PIN_Y", "LAYER", "PIN_TYPE", "NET_NAME", "NET_TYPE", "PAD_SHAPE", "PAD_SIZEX", "PAD_SIZEY", "HOLE_SIZE", "PAD_ANGLE"],
	"rows": [
		[1, "C1_1", 898.72, 455, "T", "SMD", "GND", "GND", "R", 31.5, 35.43, 0, 180],
		[2, "C1_2", 843.6, 455, "T", "SMD", "NRST", "", "R", 31.5, 35.43, 0, 180],
		[3, "C2_1", 676.72, 315, "T", "SMD", "GND", "GND", "R", 31.5, 35.43, 0, 0],
		[4, "C2_2", 731.84, 315, "T", "SMD", "VCC_5V", "", "R", 31.5, 35.43, 0, 0],
		[5, "C3_1", 319.6, 255, "T", "SMD", "GND", "GND", "R", 31.5, 35.43, 0, 180],
		[6, "C3_2", 264.48, 255, "T", "SMD", "VCC_3V3", "", "R", 31.5, 35.43, 0, 180],
		[7, "C4_1", 106.54, 824.65, "T", "SMD", "GND", "GND", "R", 31.5, 35.43, 0, 0],
		[8, "C4_2", 161.66, 824.65, "T", "SMD", "VCC_3V3", "", "R", 31.5, 35.43, 0, 0],
		[9, "C5_1", 106.54, 751.38, "T", "SMD", "GND", "GND", "R", 31.5, 35.43, 0, 0],
		[10, "C5_2", 161.66, 751.38, "T", "SMD", "VCC_3V3", "", "R", 31.5, 35.43, 0, 0],
		[11, "C6_1", 106.54, 678.46, "T", "SMD", "GND", "GND", "R", 31.5, 35.43, 0, 0],
		[12, "C6_2", 161.66, 678.46, "T", "SMD", "VCC_3V3", "", "R", 31.5, 35.43, 0, 0],
		[13, "C7_1", 164.84, 1170, "T", "SMD", "MGND", "", "R", 31.5, 35.43, 0, 0],
		[14, "C7_2", 219.96, 1170, "T", "SMD", "VCC_VM", "", "R", 31.5, 35.43, 0, 0],
		[15, "C8_1", 164.84, 1095, "T", "SMD", "MGND", "", "R", 31.5, 35.43, 0, 0],
		[16, "C8_2", 219.96, 1095, "T", "SMD", "VCC_VM", "", "R", 31.5, 35.43, 0, 0],
		[17, "C10_1", 1045.59, 453.72, "T", "SMD", "GND", "GND", "R", 31.5, 35.43, 0, 180],
		[18, "C10_2", 990.47, 453.72, "T", "SMD", "VCC_5V", "", "R", 31.5, 35.43, 0, 180],
		[19, "C11_1", 1045.59, 523.16, "T", "SMD", "GND", "GND", "R", 31.5, 35.43, 0, 180],
		[20, "C11_2", 990.47, 523.16, "T", "SMD", "VCC_5V", "", "R", 31.5, 35.43, 0, 180],
		[21, "C12_1", 1493.16, 815, "T", "SMD", "AGND", "", "R", 31.5, 35.43, 0, 180],
		[22, "C12_2", 1438.04, 815, "T", "SMD", "VISOIN", "", "R", 31.5, 35.43, 0, 180],
		[23, "C13_1", 817.44, 885, "T", "SMD", "GND", "GND", "R", 31.5, 35.43, 0, 0],
		[24, "C13_2", 872.56, 885, "T", "SMD", "VCC_3V3", "", "R", 31.5, 35.43, 0, 0],
		[25, "C14_1", 817.44, 815, "T", "SMD", "GND", "GND", "R", 31.5, 35.43, 0, 0],
		[26, "C14_2", 872.56, 815, "T", "SMD", "VCC_3V3", "", "R", 31.5, 35.43, 0, 0],
		[27, "C15_1", 1493.16, 985, "T", "SMD", "AGND", "", "R", 31.5, 35.43, 0, 180],
		[28, "C15_2", 1438.04, 985, "T", "SMD", "VISOIN", "", "R", 31.5, 35.43, 0, 180],
		[29, "C16_1", 1493.16, 900, "T", "SMD", "AGND", "", "R", 31.5, 35.43, 0, 180],
		[30, "C16_2", 1438.04, 900, "T", "SMD", "VISOIN", "", "R", 31.5, 35.43, 0, 180],
		[31, "C17_1", 1493.16, 730, "T", "SMD", "AGND", "", "R", 31.5, 35.43, 0, 180],
		[32, "C17_2", 1438.04, 730, "T", "SMD", "VISOIN", "", "R", 31.5, 35.43, 0, 180],
		[33, "C18_1", 164.84, 1020, "T", "SMD", "MGND", "", "R", 31.5, 35.43, 0, 0],
		[34, "C18_2", 219.96, 1020, "T", "SMD", "$2N2757", "", "R", 31.5, 35.43, 0, 0],
		[35, "C19_1", 219.96, 1241.82, "T", "SMD", "$2N3118", "", "R", 31.5, 35.43, 0, 180],
		[36, "C19_2", 164.84, 1241.82, "T", "SMD", "VCC_VM", "", "R", 31.5, 35.43, 0, 180],
		[37, "CN1_1", 818.82, 224.14, "T", "SMD", "VCC_5V", "", "R", 27.56, 102.36, 0, 0],
		[38, "CN1_2", 877.88, 224.14, "T", "SMD", "GND", "GND", "R", 27.56, 102.36, 0, 0],
		[39, "CN1_3", 936.93, 224.14, "T", "SMD", "VCC_VM", "", "R", 27.56, 102.36, 0, 0],
		[40, "CN1_4", 995.99, 224.14, "T", "SMD", "MGND", "", "R", 27.56, 102.36, 0, 0],
		[41, "CN1_5", 1078.66, 80.44, "T", "SMD", "GND", "GND", "R", 55.12, 74.8, 0, 0],
		[42, "CN1_6", 736.14, 80.44, "T", "SMD", "GND", "GND", "R", 55.12, 74.8, 0, 0],
		[43, "CN2_1", 1449.96, 666.06, "B", "SMD", "AO1", "", "R", 47.24, 141.73, 0, 180],
		[44, "CN2_2", 1379.09, 666.06, "B", "SMD", "GND", "GND", "R", 31.5, 141.73, 0, 180],
		[45, "CN2_3", 1320.04, 666.06, "B", "SMD", "ENCODER_E1B", "", "R", 31.5, 141.73, 0, 180],
		[46, "CN2_4", 1044.44, 666.06, "B", "SMD", "ENCODER_E1A", "", "R", 31.5, 141.73, 0, 180],
		[47, "CN2_5", 985.39, 666.06, "B", "SMD", "VCC_3V3", "", "R", 31.5, 141.73, 0, 180],
		[48, "CN2_6", 914.52, 666.06, "B", "SMD", "AO2", "", "R", 47.24, 141.73, 0, 180],
		[49, "CN3_1", 662.55, 666.06, "B", "SMD", "BO1", "", "R", 47.24, 141.73, 0, 180],
		[50, "CN3_2", 591.69, 666.06, "B", "SMD", "GND", "GND", "R", 31.5, 141.73, 0, 180],
		[51, "CN3_3", 532.63, 666.06, "B", "SMD", "ENCODER_E2B", "", "R", 31.5, 141.73, 0, 180],
		[52, "CN3_4", 257.04, 666.06, "B", "SMD", "ENCODER_E2A", "", "R", 31.5, 141.73, 0, 180],
		[53, "CN3_5", 197.99, 666.06, "B", "SMD", "VCC_3V3", "", "R", 31.5, 141.73, 0, 180],
		[54, "CN3_6", 127.12, 666.06, "B", "SMD", "BO2", "", "R", 47.24, 141.73, 0, 180],
		[55, "CN4_1", 1273.34, 224.14, "T", "SMD", "CANH", "", "R", 27.56, 102.36, 0, 0],
		[56, "CN4_2", 1332.4, 224.14, "T", "SMD", "CANL", "", "R", 27.56, 102.36, 0, 0],
		[57, "CN4_3", 1391.45, 224.14, "T", "SMD", "AGND", "", "R", 27.56, 102.36, 0, 0],
		[58, "CN4_4", 1474.13, 80.44, "T", "SMD", "AGND", "", "R", 55.12, 74.8, 0, 0],
		[59, "CN4_5", 1190.66, 80.44, "T", "SMD", "AGND", "", "R", 55.12, 74.8, 0, 0],
		[60, "D1_1", 1255.63, 522.4, "T", "SMD", "CANL", "", "R", 49.21, 27.56, 0, 180],
		[61, "D1_2", 1255.63, 447.6, "T", "SMD", "CANH", "", "R", 49.21, 27.56, 0, 180],
		[62, "D1_3", 1334.37, 485, "T", "SMD", "AGND", "", "R", 49.21, 27.56, 0, 180],
		[63, "FPC1_1", 452.6, 1363.19, "T", "SMD", "GND", "GND", "R", 23.62, 66.93, 0, 180],
		[64, "FPC1_2", 413.23, 1363.19, "T", "SMD", "GND", "GND", "R", 23.62, 66.93, 0, 180],
		[65, "FPC1_3", 373.86, 1363.19, "T", "SMD", "FSR1", "", "R", 23.62, 66.93, 0, 180],
		[66, "FPC1_4", 334.49, 1363.19, "T", "SMD", "FSR1", "", "R", 23.62, 66.93, 0, 180],
		[67, "FPC1_5", 556.93, 1471.46, "T", "SMD", "GND", "GND", "R", 98.42, 118.11, 0, 180],
		[68, "FPC1_6", 230.47, 1470.16, "T", "SMD", "GND", "GND", "R", 98.42, 118.11, 0, 180],
		[69, "FPC2_1", 1240, 1363.19, "T", "SMD", "GND", "GND", "R", 23.62, 66.93, 0, 180],
		[70, "FPC2_2", 1200.63, 1363.19, "T", "SMD", "GND", "GND", "R", 23.62, 66.93, 0, 180],
		[71, "FPC2_3", 1161.26, 1363.19, "T", "SMD", "FSR2", "", "R", 23.62, 66.93, 0, 180],
		[72, "FPC2_4", 1121.89, 1363.19, "T", "SMD", "FSR2", "", "R", 23.62, 66.93, 0, 180],
		[73, "FPC2_5", 1344.33, 1471.46, "T", "SMD", "GND", "GND", "R", 98.42, 118.11, 0, 180],
		[74, "FPC2_6", 1017.87, 1470.16, "T", "SMD", "GND", "GND", "R", 98.42, 118.11, 0, 180],
		[75, "LED1_1", 904.06, 360.13, "T", "SMD", "$1N6824", "", "R", 31.5, 31.5, 0, 270],
		[76, "LED1_2", 841.1, 359.86, "T", "SMD", "VCC_5V", "", "R", 31.5, 31.5, 0, 270],
		[77, "LED2_1", 326.71, 155.13, "T", "SMD", "$1N1438", "", "R", 31.5, 31.5, 0, 270],
		[78, "LED2_2", 263.75, 154.86, "T", "SMD", "VCC_3V3", "", "R", 31.5, 31.5, 0, 270],
		[79, "LED3_1", 551.64, 460.13, "T", "SMD", "$1N1549", "", "R", 31.5, 31.5, 0, 270],
		[80, "LED3_2", 488.69, 459.87, "T", "SMD", "DEBUG_LED1", "", "R", 31.5, 31.5, 0, 270],
		[81, "LED4_1", 258.43, 459.87, "T", "SMD", "$1N1664", "", "R", 31.5, 31.5, 0, 90],
		[82, "LED4_2", 321.38, 460.13, "T", "SMD", "DEBUG_LED2", "", "R", 31.5, 31.5, 0, 90],
		[83, "R1_1", 844.61, 590, "T", "SMD", "NRST", "", "R", 31.75, 34.02, 0, 0],
		[84, "R1_2", 903.93, 590, "T", "SMD", "VCC_3V3", "", "R", 31.75, 34.02, 0, 0],
		[85, "R2_1", 904.18, 522.7, "T", "SMD", "GND", "GND", "R", 31.75, 34.02, 0, 180],
		[86, "R2_2", 844.86, 522.7, "T", "SMD", "NRST", "", "R", 31.75, 34.02, 0, 180],
		[87, "R3_1", 736.14, 385, "T", "SMD", "$1N1213", "", "R", 31.75, 34.02, 0, 180],
		[88, "R3_2", 676.82, 385, "T", "SMD", "VCC_3V3", "", "R", 31.75, 34.02, 0, 180],
		[89, "R4_1", 676.82, 522.92, "T", "SMD", "BOOT0", "", "R", 31.75, 34.02, 0, 0],
		[90, "R4_2", 736.14, 522.92, "T", "SMD", "$1N1213", "", "R", 31.75, 34.02, 0, 0],
		[91, "R5_1", 676.82, 455, "T", "SMD", "GND", "GND", "R", 31.75, 34.02, 0, 0],
		[92, "R5_2", 736.14, 455, "T", "SMD", "$1N1213", "", "R", 31.75, 34.02, 0, 0],
		[93, "R6_1", 988.67, 360, "T", "SMD", "$1N6824", "", "R", 31.75, 34.02, 0, 0],
		[94, "R6_2", 1047.99, 360, "T", "SMD", "GND", "GND", "R", 31.75, 34.02, 0, 0],
		[95, "R7_1", 324.72, 60, "T", "SMD", "$1N1438", "", "R", 31.75, 34.02, 0, 180],
		[96, "R7_2", 265.4, 60, "T", "SMD", "GND", "GND", "R", 31.75, 34.02, 0, 180],
		[97, "R8_1", 549.66, 390, "T", "SMD", "$1N1549", "", "R", 31.75, 34.02, 0, 180],
		[98, "R8_2", 490.34, 390, "T", "SMD", "GND", "GND", "R", 31.75, 34.02, 0, 180],
		[99, "R9_1", 260.41, 390, "T", "SMD", "$1N1664", "", "R", 31.75, 34.02, 0, 0],
		[100, "R9_2", 319.73, 390, "T", "SMD", "GND", "GND", "R", 31.75, 34.02, 0, 0],
		[101, "R10_1", 1430.35, 1275, "T", "SMD", "$3N919", "", "R", 31.75, 34.02, 0, 0],
		[102, "R10_2", 1489.67, 1275, "T", "SMD", "AGND", "", "R", 31.75, 34.02, 0, 0],
		[103, "R11_1", 1469.66, 360, "T", "SMD", "CANL", "", "R", 31.75, 34.02, 0, 180],
		[104, "R11_2", 1410.34, 360, "T", "SMD", "$3N1080", "", "R", 31.75, 34.02, 0, 180],
		[105, "R12_1", 262.62, 1350, "T", "SMD", "FSR1", "", "R", 31.75, 34.02, 0, 180],
		[106, "R12_2", 203.3, 1350, "T", "SMD", "VCC_3V3", "", "R", 31.75, 34.02, 0, 180],
		[107, "R13_1", 1044.66, 1350, "T", "SMD", "FSR2", "", "R", 31.75, 34.02, 0, 180],
		[108, "R13_2", 985.34, 1350, "T", "SMD", "VCC_3V3", "", "R", 31.75, 34.02, 0, 180],
		[109, "R14_1", 540.51, 1348.65, "T", "SMD", "MGND", "", "R", 31.75, 34.02, 0, 0],
		[110, "R14_2", 599.83, 1348.65, "T", "SMD", "GND", "GND", "R", 31.75, 34.02, 0, 0],
		[111, "RT1_1", 1323.97, 360, "T", "SMD", "$3N1080", "", "R", 31.75, 34.02, 0, 180],
		[112, "RT1_2", 1264.65, 360, "T", "SMD", "CANH", "", "R", 31.75, 34.02, 0, 180],
		[113, "TP1_1", 767.8, 71.97, "B", "SMD", "GND", "GND", "C", 39.37, 39.37, 0, 0],
		[114, "TP2_1", 867.8, 71.97, "B", "SMD", "SWCLK", "", "C", 39.37, 39.37, 0, 0],
		[115, "TP3_1", 967.8, 71.97, "B", "SMD", "SWDIO", "", "C", 39.37, 39.37, 0, 0],
		[116, "TP4_1", 1067.8, 71.97, "B", "SMD", "VCC_3V3", "", "C", 39.37, 39.37, 0, 0],
		[117, "TP5_1", 275.2, 69.88, "B", "SMD", "USART1_RX", "", "C", 39.37, 39.37, 0, 180],
		[118, "TP6_1", 175.2, 69.88, "B", "SMD", "USART1_TX", "", "C", 39.37, 39.37, 0, 180],
		[119, "TP7_1", 75.2, 69.88, "B", "SMD", "GND", "GND", "C", 39.37, 39.37, 0, 180],
		[120, "U1_1", 621.98, 609.76, "T", "SMD", "VCC_3V3", "", "O", 17.64, 66.3, 0, 90],
		[121, "U1_2", 621.98, 641.26, "T", "SMD", "OSC_IN", "", "O", 17.64, 66.3, 0, 90],
		[122, "U1_3", 621.98, 672.76, "T", "SMD", "OSC_OUT", "", "O", 17.64, 66.3, 0, 90],
		[123, "U1_4", 621.98, 704.25, "T", "SMD", "NRST", "", "O", 17.64, 66.3, 0, 90],
		[124, "U1_5", 621.98, 735.75, "T", "SMD", "VCC_3V3", "", "O", 17.64, 66.3, 0, 90],
		[125, "U1_6", 621.98, 767.24, "T", "SMD", "FSR1", "", "O", 17.64, 66.3, 0, 90],
		[126, "U1_7", 621.98, 798.74, "T", "SMD", "FSR2", "", "O", 17.64, 66.3, 0, 90],
		[127, "U1_8", 621.98, 830.24, "T", "SMD", "U1_8", "", "O", 17.64, 66.3, 0, 90],
		[128, "U1_9", 565.21, 887.01, "T", "SMD", "DRV8833_NFAULT", "", "O", 66.3, 17.64, 0, 90],
		[129, "U1_10", 533.71, 887.01, "T", "SMD", "DRV8833_NSLEEP", "", "O", 66.3, 17.64, 0, 90],
		[130, "U1_11", 502.21, 887.01, "T", "SMD", "ENCODER_E2A", "", "O", 66.3, 17.64, 0, 90],
		[131, "U1_12", 470.72, 887.01, "T", "SMD", "DRV8833_AIN1", "", "O", 66.3, 17.64, 0, 90],
		[132, "U1_13", 439.22, 887.01, "T", "SMD", "DRV8833_AIN2", "", "O", 66.3, 17.64, 0, 90],
		[133, "U1_14", 407.73, 887.01, "T", "SMD", "DRV8833_BIN1", "", "O", 66.3, 17.64, 0, 90],
		[134, "U1_15", 376.23, 887.01, "T", "SMD", "DRV8833_BIN2", "", "O", 66.3, 17.64, 0, 90],
		[135, "U1_16", 344.73, 887.01, "T", "SMD", "GND", "GND", "O", 66.3, 17.64, 0, 90],
		[136, "U1_17", 287.96, 830.24, "T", "SMD", "VCC_3V3", "", "O", 17.64, 66.3, 0, 90],
		[137, "U1_18", 287.96, 798.74, "T", "SMD", "ENCODER_E1A", "", "O", 17.64, 66.3, 0, 90],
		[138, "U1_19", 287.96, 767.24, "T", "SMD", "ENCODER_E1B", "", "O", 17.64, 66.3, 0, 90],
		[139, "U1_20", 287.96, 735.75, "T", "SMD", "USART1_RX", "", "O", 17.64, 66.3, 0, 90],
		[140, "U1_21", 287.96, 704.25, "T", "SMD", "CAN_RX", "", "O", 17.64, 66.3, 0, 90],
		[141, "U1_22", 287.96, 672.76, "T", "SMD", "CAN_TX", "", "O", 17.64, 66.3, 0, 90],
		[142, "U1_23", 287.96, 641.26, "T", "SMD", "SWDIO", "", "O", 17.64, 66.3, 0, 90],
		[143, "U1_24", 287.96, 609.76, "T", "SMD", "SWCLK", "", "O", 17.64, 66.3, 0, 90],
		[144, "U1_25", 344.73, 552.99, "T", "SMD", "DEBUG_LED2", "", "O", 66.3, 17.64, 0, 90],
		[145, "U1_26", 376.23, 552.99, "T", "SMD", "ENCODER_E2B", "", "O", 66.3, 17.64, 0, 90],
		[146, "U1_27", 407.73, 552.99, "T", "SMD", "U1_27", "", "O", 66.3, 17.64, 0, 90],
		[147, "U1_28", 439.22, 552.99, "T", "SMD", "U1_28", "", "O", 66.3, 17.64, 0, 90],
		[148, "U1_29", 470.72, 552.99, "T", "SMD", "USART1_TX", "", "O", 66.3, 17.64, 0, 90],
		[149, "U1_30", 502.21, 552.99, "T", "SMD", "DEBUG_LED1", "", "O", 66.3, 17.64, 0, 90],
		[150, "U1_31", 533.71, 552.99, "T", "SMD", "BOOT0", "", "O", 66.3, 17.64, 0, 90],
		[151, "U1_32", 565.21, 552.99, "T", "SMD", "GND", "GND", "O", 66.3, 17.64, 0, 90],
		[152, "U2_1", 429.45, 63.07, "T", "SMD", "GND", "GND", "R", 98.42, 43.31, 0, 270],
		[153, "U2_2", 520, 63.07, "T", "SMD", "VCC_3V3", "", "R", 98.42, 43.31, 0, 270],
		[154, "U2_3", 610.55, 63.07, "T", "SMD", "VCC_5V", "", "R", 98.42, 43.31, 0, 270],
		[155, "U2_4", 520, 296.93, "T", "SMD", "VCC_3V3", "", "R", 92.13, 141.73, 0, 270],
		[156, "U4_1", 961.38, 1215, "T", "SMD", "GND", "GND", "O", 23.43, 92.91, 0, 270],
		[157, "U4_2", 961.38, 1165, "T", "SMD", "U4_2", "", "O", 23.43, 92.91, 0, 270],
		[158, "U4_3", 961.38, 1115, "T", "SMD", "GND", "GND", "O", 23.43, 92.91, 0, 270],
		[159, "U4_4", 961.38, 1065, "T", "SMD", "CAN_RX", "", "O", 23.43, 92.91, 0, 270],
		[160, "U4_5", 961.38, 1015, "T", "SMD", "CAN_TX", "", "O", 23.43, 92.91, 0, 270],
		[161, "U4_6", 961.38, 965, "T", "SMD", "VCC_3V3", "", "O", 23.43, 92.91, 0, 270],
		[162, "U4_7", 961.38, 915, "T", "SMD", "GND", "GND", "O", 23.43, 92.91, 0, 270],
		[163, "U4_8", 961.38, 865, "T", "SMD", "VCC_5V", "", "O", 23.43, 92.91, 0, 270],
		[164, "U4_9", 961.38, 815, "T", "SMD", "GND", "GND", "O", 23.43, 92.91, 0, 270],
		[165, "U4_10", 961.38, 765, "T", "SMD", "GND", "GND", "O", 23.43, 92.91, 0, 270],
		[166, "U4_11", 1333.82, 765, "T", "SMD", "AGND", "", "O", 23.43, 92.91, 0, 270],
		[167, "U4_12", 1333.82, 815, "T", "SMD", "VISOIN", "", "O", 23.43, 92.91, 0, 270],
		[168, "U4_13", 1333.82, 865, "T", "SMD", "AGND", "", "O", 23.43, 92.91, 0, 270],
		[169, "U4_14", 1333.82, 915, "T", "SMD", "U4_14", "", "O", 23.43, 92.91, 0, 270],
		[170, "U4_15", 1333.82, 965, "T", "SMD", "CANL", "", "O", 23.43, 92.91, 0, 270],
		[171, "U4_16", 1333.82, 1015, "T", "SMD", "AGND", "", "O", 23.43, 92.91, 0, 270],
		[172, "U4_17", 1333.82, 1065, "T", "SMD", "CANH", "", "O", 23.43, 92.91, 0, 270],
		[173, "U4_18", 1333.82, 1115, "T", "SMD", "$3N919", "", "O", 23.43, 92.91, 0, 270],
		[174, "U4_19", 1333.82, 1165, "T", "SMD", "VISOIN", "", "O", 23.43, 92.91, 0, 270],
		[175, "U4_20", 1333.82, 1215, "T", "SMD", "AGND", "", "O", 23.43, 92.91, 0, 270],
		[176, "U5_1", 573.94, 1040.11, "T", "SMD", "DRV8833_NSLEEP", "", "O", 13.78, 51.18, 0, 90],
		[177, "U5_2", 573.94, 1065.7, "T", "SMD", "AO1", "", "O", 13.78, 51.18, 0, 90],
		[178, "U5_3", 573.94, 1091.29, "T", "SMD", "MGND", "", "O", 13.78, 51.18, 0, 90],
		[179, "U5_4", 573.94, 1116.89, "T", "SMD", "AO2", "", "O", 13.78, 51.18, 0, 90],
		[180, "U5_5", 573.94, 1142.48, "T", "SMD", "BO2", "", "O", 13.78, 51.18, 0, 90],
		[181, "U5_6", 573.94, 1168.07, "T", "SMD", "MGND", "", "O", 13.78, 51.18, 0, 90],
		[182, "U5_7", 573.94, 1193.66, "T", "SMD", "BO1", "", "O", 13.78, 51.18, 0, 90],
		[183, "U5_8", 573.94, 1219.25, "T", "SMD", "DRV8833_NFAULT", "", "O", 13.78, 51.18, 0, 90],
		[184, "U5_9", 349.53, 1219.25, "T", "SMD", "DRV8833_BIN1", "", "O", 13.78, 51.18, 0, 90],
		[185, "U5_10", 349.53, 1193.66, "T", "SMD", "DRV8833_BIN2", "", "O", 13.78, 51.18, 0, 90],
		[186, "U5_11", 349.53, 1168.07, "T", "SMD", "$2N3118", "", "O", 13.78, 51.18, 0, 90],
		[187, "U5_12", 349.53, 1142.48, "T", "SMD", "VCC_VM", "", "O", 13.78, 51.18, 0, 90],
		[188, "U5_13", 349.53, 1116.89, "T", "SMD", "MGND", "", "O", 13.78, 51.18, 0, 90],
		[189, "U5_14", 349.53, 1091.29, "T", "SMD", "$2N2757", "", "O", 13.78, 51.18, 0, 90],
		[190, "U5_15", 349.53, 1065.7, "T", "SMD", "DRV8833_AIN2", "", "O", 13.78, 51.18, 0, 90],
		[191, "U5_16", 349.53, 1040.11, "T", "SMD", "DRV8833_AIN1", "", "O", 13.78, 51.18, 0, 90],
		[192, "U5_17", 461.73, 1129.68, "T", "SMD", "MGND", "", "R", 107.87, 107.87, 0, 90],
		[193, "X1_1", 745.62, 592.76, "T", "SMD", "OSC_IN", "", "R", 19.68, 59.05, 0, 90],
		[194, "X1_2", 745.62, 640, "T", "SMD", "GND", "GND", "R", 19.68, 59.05, 0, 90],
		[195, "X1_3", 745.62, 687.24, "T", "SMD", "OSC_OUT", "", "R", 19.68, 59.05, 0, 90]
	]
}
}